{   "parent": "block/thin_block",
    "textures": {
        "particle": "#texture",
        "texture": "minecraft:block/spruce_trapdoor"
    },
    "elements": [
        {   "from": [ 0, 0, 0 ],
            "to": [ 16, 3, 16 ],
            "faces": {
                "down":  { "uv": [ 0,  0,  16, 16 ], "texture": "#texture", "cullface": "down" },
                "up":    { "uv": [ 0,  16, 16,  0 ], "texture": "#texture" },
                "north": { "uv": [ 16, 3,   0,  0 ], "texture": "#texture", "cullface": "north" },
                "south": { "uv": [ 0,  0,  16,  3 ], "texture": "#texture", "cullface": "south" },
                "west":  { "uv": [ 0,  0,   3, 16 ], "rotation": 90, "texture": "#texture", "cullface": "west" },
                "east":  { "uv": [ 4,  16,  7,  0 ], "rotation": 90, "texture": "#texture", "cullface": "east" }
            }
        }
    ]
}
